{
  "1": {
    "task_name": "T1: short+no wind",
    "episode_rewards": [
      38.0,
      28.0,
      28.0,
      37.0,
      44.0,
      28.0,
      47.0,
      29.0,
      47.0,
      44.0,
      23.0,
      25.0,
      40.0,
      56.0,
      52.0,
      71.0,
      36.0,
      25.0,
      40.0,
      35.0,
      24.0,
      22.0,
      40.0,
      27.0,
      24.0,
      50.0,
      54.0,
      78.0,
      296.0,
      58.0,
      57.0,
      38.0,
      79.0,
      45.0,
      44.0,
      68.0,
      89.0,
      69.0,
      500.0,
      500.0,
      130.0,
      500.0,
      500.0,
      500.0,
      500.0,
      247.0,
      467.0,
      416.0,
      500.0,
      500.0,
      299.0,
      500.0,
      500.0,
      500.0,
      500.0,
      30.0,
      46.0,
      38.0,
      39.0
    ],
    "convergence_episode": 42,
    "final_performance": 28.4,
    "before_performance": 37.0,
    "after_performance": 28.4,
    "cumulative_regret": 19853.0,
    "ewma_reward": 269.3595006671033,
    "smoothness_tv": 3637.0,
    "_last_reward": 39.0,
    "egp_triggers": 78,
    "egp_paused_steps": 858
  },
  "2": {
    "task_name": "T2: short+wind",
    "episode_rewards": [
      500.0,
      500.0,
      500.0,
      500.0,
      500.0,
      500.0,
      500.0,
      500.0,
      59.0,
      55.0,
      123.0,
      500.0,
      500.0,
      57.0
    ],
    "convergence_episode": 54,
    "final_performance": 500.0,
    "before_performance": 500.0,
    "after_performance": 500.0,
    "cumulative_regret": 1706.0,
    "ewma_reward": 258.59567872519506,
    "smoothness_tv": 1333.0,
    "_last_reward": 57.0,
    "egp_triggers": 78,
    "egp_paused_steps": 858
  },
  "3": {
    "task_name": "T3: long+no wind",
    "episode_rewards": [
      500.0,
      500.0,
      500.0,
      500.0,
      500.0,
      500.0,
      500.0,
      500.0,
      500.0,
      500.0
    ],
    "convergence_episode": 68,
    "final_performance": 500.0,
    "before_performance": 500.0,
    "after_performance": 500.0,
    "cumulative_regret": 0.0,
    "ewma_reward": 325.66077995,
    "smoothness_tv": 0.0,
    "_last_reward": 500.0,
    "egp_triggers": 78,
    "egp_paused_steps": 858
  },
  "4": {
    "task_name": "T4: long+wind",
    "episode_rewards": [
      500.0,
      500.0,
      500.0,
      500.0,
      500.0,
      500.0,
      500.0,
      500.0,
      500.0,
      500.0
    ],
    "convergence_episode": 78,
    "final_performance": 500.0,
    "before_performance": 500.0,
    "after_performance": 500.0,
    "cumulative_regret": 0.0,
    "ewma_reward": 325.66077995,
    "smoothness_tv": 0.0,
    "_last_reward": 500.0,
    "egp_triggers": 78,
    "egp_paused_steps": 858
  }
}