{
  "1": {
    "task_name": "T1: short+no wind",
    "episode_rewards": [
      25.0,
      50.0,
      36.0,
      35.0,
      26.0,
      44.0,
      52.0,
      27.0,
      37.0,
      27.0,
      27.0,
      33.0,
      95.0,
      35.0,
      72.0,
      40.0,
      40.0,
      30.0,
      24.0,
      42.0,
      44.0,
      60.0,
      69.0,
      67.0,
      64.0,
      100.0,
      195.0,
      87.0,
      74.0,
      119.0,
      80.0,
      250.0,
      275.0,
      450.0,
      330.0,
      51.0,
      500.0,
      339.0,
      500.0,
      500.0,
      500.0,
      500.0,
      500.0,
      500.0,
      500.0,
      500.0,
      500.0,
      500.0,
      500.0,
      363.0
    ],
    "convergence_episode": 37,
    "final_performance": 31.4,
    "before_performance": 379.6,
    "after_performance": 31.4,
    "cumulative_regret": 15186.0,
    "ewma_reward": 402.04755407895647,
    "smoothness_tv": 2396.0,
    "_last_reward": 363.0,
    "egp_triggers": 33,
    "egp_paused_steps": 363
  },
  "2": {
    "task_name": "T2: short+wind",
    "episode_rewards": [
      500.0,
      66.0,
      500.0,
      61.0,
      500.0,
      500.0,
      500.0,
      500.0,
      500.0,
      500.0,
      500.0
    ],
    "convergence_episode": 50,
    "final_performance": 324.2,
    "before_performance": 406.6,
    "after_performance": 324.2,
    "cumulative_regret": 873.0,
    "ewma_reward": 305.2834188224,
    "smoothness_tv": 1746.0,
    "_last_reward": 500.0,
    "egp_triggers": 33,
    "egp_paused_steps": 363
  },
  "3": {
    "task_name": "T3: long+no wind",
    "episode_rewards": [
      500.0,
      500.0,
      500.0,
      500.0,
      500.0,
      198.0,
      500.0,
      500.0,
      500.0,
      500.0,
      500.0
    ],
    "convergence_episode": 61,
    "final_performance": 475.0,
    "before_performance": 500.0,
    "after_performance": 475.0,
    "cumulative_regret": 302.0,
    "ewma_reward": 325.26190395500004,
    "smoothness_tv": 604.0,
    "_last_reward": 500.0,
    "egp_triggers": 33,
    "egp_paused_steps": 363
  },
  "4": {
    "task_name": "T4: long+wind",
    "episode_rewards": [
      500.0,
      500.0,
      500.0,
      500.0,
      500.0,
      500.0,
      500.0,
      500.0,
      500.0,
      500.0
    ],
    "convergence_episode": 72,
    "final_performance": 416.4,
    "before_performance": 409.8,
    "after_performance": 416.4,
    "cumulative_regret": 0.0,
    "ewma_reward": 325.66077995,
    "smoothness_tv": 0.0,
    "_last_reward": 500.0,
    "egp_triggers": 33,
    "egp_paused_steps": 363
  }
}