{
  "1": {
    "task_name": "T1: short+no wind",
    "episode_rewards": [
      40.0,
      52.0,
      27.0,
      25.0,
      49.0,
      50.0,
      30.0,
      44.0,
      28.0,
      27.0,
      38.0,
      88.0,
      27.0,
      25.0,
      42.0,
      78.0,
      31.0,
      49.0,
      51.0,
      57.0,
      35.0,
      62.0,
      69.0,
      40.0,
      63.0,
      75.0,
      92.0,
      41.0,
      53.0,
      76.0,
      51.0,
      65.0,
      38.0,
      81.0,
      47.0,
      143.0,
      181.0,
      54.0,
      37.0,
      48.0,
      27.0,
      59.0,
      27.0,
      34.0,
      49.0,
      30.0,
      29.0,
      34.0,
      30.0,
      37.0,
      26.0,
      29.0,
      29.0,
      24.0,
      24.0,
      49.0,
      45.0,
      25.0,
      23.0,
      27.0,
      41.0,
      44.0,
      29.0,
      33.0,
      45.0,
      35.0,
      153.0,
      221.0,
      92.0,
      171.0,
      116.0,
      137.0,
      189.0,
      145.0,
      169.0,
      183.0,
      293.0,
      240.0,
      138.0,
      458.0,
      201.0
    ],
    "convergence_episode": 80,
    "final_performance": 282.8,
    "before_performance": null,
    "after_performance": 282.8,
    "cumulative_regret": 34501.0,
    "ewma_reward": 178.06284660245004,
    "smoothness_tv": 2741.0,
    "_last_reward": 201.0,
    "egp_triggers": 250,
    "egp_paused_steps": 2740
  },
  "2": {
    "task_name": "T2: short+wind",
    "episode_rewards": [
      401.0,
      362.0,
      275.0,
      400.0,
      395.0,
      500.0,
      309.0,
      327.0,
      393.0,
      326.0,
      500.0,
      425.0,
      340.0,
      500.0,
      383.0,
      369.0,
      44.0
    ],
    "convergence_episode": 91,
    "final_performance": 375.0,
    "before_performance": 303.2,
    "after_performance": 375.0,
    "cumulative_regret": 2251.0,
    "ewma_reward": 293.19987675544195,
    "smoothness_tv": 1653.0,
    "_last_reward": 44.0,
    "egp_triggers": 250,
    "egp_paused_steps": 2740
  },
  "3": {
    "task_name": "T3: long+no wind",
    "episode_rewards": [
      362.0,
      500.0,
      309.0,
      320.0,
      472.0,
      483.0,
      485.0,
      500.0,
      344.0,
      483.0,
      300.0,
      299.0,
      353.0,
      303.0,
      458.0,
      358.0
    ],
    "convergence_episode": 108,
    "final_performance": 325.0,
    "before_performance": 363.8,
    "after_performance": 325.0,
    "cumulative_regret": 1671.0,
    "ewma_reward": 314.50085245501344,
    "smoothness_tv": 1358.0,
    "_last_reward": 358.0,
    "egp_triggers": 250,
    "egp_paused_steps": 2740
  },
  "4": {
    "task_name": "T4: long+wind",
    "episode_rewards": [
      329.0,
      249.0,
      350.0,
      477.0,
      300.0,
      459.0,
      308.0,
      476.0,
      500.0,
      256.0,
      464.0,
      500.0,
      455.0,
      403.0,
      278.0
    ],
    "convergence_episode": 124,
    "final_performance": 335.4,
    "before_performance": 336.8,
    "after_performance": 335.4,
    "cumulative_regret": 1696.0,
    "ewma_reward": 312.4844199966495,
    "smoothness_tv": 1697.0,
    "_last_reward": 278.0,
    "egp_triggers": 250,
    "egp_paused_steps": 2740
  }
}