{
  "1": {
    "task_name": "T1: short+no wind",
    "episode_rewards": [
      25.0,
      47.0,
      33.0,
      29.0,
      24.0,
      40.0,
      40.0,
      27.0,
      36.0,
      29.0,
      26.0,
      32.0,
      100.0,
      29.0,
      25.0,
      46.0,
      98.0,
      32.0,
      49.0,
      52.0,
      56.0,
      31.0,
      57.0,
      84.0,
      32.0,
      53.0,
      66.0,
      72.0,
      31.0,
      39.0,
      62.0,
      32.0,
      43.0,
      28.0,
      48.0,
      26.0,
      28.0,
      65.0,
      32.0,
      72.0,
      30.0,
      56.0,
      30.0,
      72.0,
      48.0,
      33.0,
      56.0,
      54.0,
      46.0,
      55.0,
      42.0,
      68.0,
      51.0,
      53.0,
      74.0,
      70.0,
      32.0,
      42.0,
      68.0,
      86.0,
      101.0,
      58.0,
      56.0,
      112.0,
      69.0,
      84.0,
      81.0,
      62.0,
      71.0,
      49.0,
      89.0,
      67.0,
      114.0,
      138.0,
      96.0,
      122.0,
      106.0,
      261.0,
      206.0,
      286.0,
      43.0,
      126.0,
      43.0,
      80.0,
      71.0,
      59.0,
      60.0,
      34.0,
      57.0,
      46.0,
      43.0,
      50.0,
      29.0,
      30.0,
      35.0,
      24.0,
      32.0,
      36.0,
      21.0,
      39.0,
      24.0,
      52.0
    ],
    "convergence_episode": null,
    "final_performance": 49.4,
    "before_performance": null,
    "after_performance": 49.4,
    "cumulative_regret": 44896.0,
    "ewma_reward": 48.573481207886424,
    "smoothness_tv": 2647.0,
    "_last_reward": 52.0,
    "egp_triggers": 250,
    "egp_paused_steps": 2740
  },
  "2": {
    "task_name": "T2: short+wind",
    "episode_rewards": [
      60.0,
      34.0,
      33.0,
      35.0,
      40.0,
      77.0,
      38.0,
      136.0,
      500.0,
      500.0,
      500.0,
      500.0,
      500.0,
      500.0,
      69.0,
      500.0,
      500.0,
      500.0,
      500.0,
      500.0
    ],
    "convergence_episode": 114,
    "final_performance": 407.2,
    "before_performance": 45.4,
    "after_performance": 407.2,
    "cumulative_regret": 3978.0,
    "ewma_reward": 343.246877870618,
    "smoothness_tv": 1434.0,
    "_last_reward": 500.0,
    "egp_triggers": 250,
    "egp_paused_steps": 2740
  },
  "3": {
    "task_name": "T3: long+no wind",
    "episode_rewards": [
      500.0,
      500.0,
      444.0,
      500.0,
      500.0,
      500.0,
      500.0,
      500.0,
      500.0,
      500.0,
      500.0,
      500.0,
      500.0
    ],
    "convergence_episode": 132,
    "final_performance": 497.4,
    "before_performance": 500.0,
    "after_performance": 497.4,
    "cumulative_regret": 56.0,
    "ewma_reward": 370.95410931899005,
    "smoothness_tv": 112.0,
    "_last_reward": 500.0,
    "egp_triggers": 250,
    "egp_paused_steps": 2740
  },
  "4": {
    "task_name": "T4: long+wind",
    "episode_rewards": [
      470.0,
      500.0,
      500.0,
      500.0,
      500.0,
      500.0,
      81.0,
      500.0,
      500.0,
      500.0,
      500.0,
      500.0,
      500.0
    ],
    "convergence_episode": 145,
    "final_performance": 416.4,
    "before_performance": 416.4,
    "after_performance": 416.4,
    "cumulative_regret": 449.0,
    "ewma_reward": 349.792042074107,
    "smoothness_tv": 868.0,
    "_last_reward": 500.0,
    "egp_triggers": 250,
    "egp_paused_steps": 2740
  }
}