{
  "1": {
    "task_name": "T1: short+no wind",
    "episode_rewards": [
      34.0,
      36.0,
      30.0,
      37.0,
      60.0,
      51.0,
      33.0,
      57.0,
      55.0,
      59.0,
      51.0,
      33.0,
      47.0,
      50.0,
      26.0,
      30.0,
      34.0,
      31.0,
      24.0,
      26.0,
      43.0,
      23.0,
      54.0,
      56.0,
      145.0,
      89.0,
      107.0,
      39.0,
      43.0,
      94.0,
      40.0,
      79.0,
      39.0,
      219.0,
      48.0,
      183.0,
      51.0,
      497.0,
      200.0,
      500.0,
      317.0,
      456.0,
      280.0,
      500.0,
      500.0,
      500.0,
      312.0,
      371.0,
      500.0,
      500.0,
      435.0,
      500.0,
      500.0,
      499.0
    ],
    "convergence_episode": 41,
    "final_performance": 29.2,
    "before_performance": 479.6,
    "after_performance": 29.2,
    "cumulative_regret": 17477.0,
    "ewma_reward": 390.0021067134902,
    "smoothness_tv": 3557.0,
    "_last_reward": 499.0,
    "egp_triggers": 42,
    "egp_paused_steps": 462
  },
  "2": {
    "task_name": "T2: short+wind",
    "episode_rewards": [
      449.0,
      398.0,
      500.0,
      500.0,
      475.0,
      500.0,
      375.0,
      500.0,
      500.0,
      56.0,
      386.0,
      322.0
    ],
    "convergence_episode": 54,
    "final_performance": 463.2,
    "before_performance": 494.0,
    "after_performance": 463.2,
    "cumulative_regret": 1039.0,
    "ewma_reward": 281.0274103804211,
    "smoothness_tv": 1291.0,
    "_last_reward": 322.0,
    "egp_triggers": 42,
    "egp_paused_steps": 462
  },
  "3": {
    "task_name": "T3: long+no wind",
    "episode_rewards": [
      500.0,
      470.0,
      430.0,
      405.0,
      500.0,
      500.0,
      500.0,
      432.0,
      500.0,
      500.0
    ],
    "convergence_episode": 66,
    "final_performance": 480.8,
    "before_performance": 487.6,
    "after_performance": 480.8,
    "cumulative_regret": 263.0,
    "ewma_reward": 310.46461052,
    "smoothness_tv": 326.0,
    "_last_reward": 500.0,
    "egp_triggers": 42,
    "egp_paused_steps": 462
  },
  "4": {
    "task_name": "T4: long+wind",
    "episode_rewards": [
      500.0,
      500.0,
      450.0,
      500.0,
      500.0,
      375.0,
      500.0,
      500.0,
      500.0,
      500.0,
      500.0
    ],
    "convergence_episode": 76,
    "final_performance": 493.0,
    "before_performance": 486.8,
    "after_performance": 493.0,
    "cumulative_regret": 175.0,
    "ewma_reward": 333.56124090500003,
    "smoothness_tv": 350.0,
    "_last_reward": 500.0,
    "egp_triggers": 42,
    "egp_paused_steps": 462
  }
}