{
  "1": {
    "task_name": "T1: short+no wind",
    "episode_rewards": [
      31.0,
      29.0,
      36.0,
      44.0,
      33.0,
      51.0,
      30.0,
      48.0,
      41.0,
      34.0,
      23.0,
      49.0,
      44.0,
      25.0,
      22.0,
      34.0,
      25.0,
      24.0,
      23.0,
      35.0,
      23.0,
      22.0,
      37.0,
      29.0,
      28.0,
      26.0,
      48.0,
      39.0,
      33.0,
      63.0,
      49.0,
      91.0,
      69.0,
      36.0,
      96.0,
      37.0,
      72.0,
      68.0,
      99.0,
      150.0,
      41.0,
      91.0,
      54.0,
      38.0,
      63.0,
      50.0,
      38.0,
      45.0,
      36.0,
      52.0,
      42.0,
      40.0,
      61.0,
      55.0,
      24.0,
      28.0,
      50.0,
      63.0,
      49.0,
      30.0,
      29.0,
      49.0,
      69.0,
      41.0,
      59.0,
      35.0,
      30.0,
      27.0,
      39.0,
      27.0,
      60.0,
      40.0,
      32.0,
      32.0,
      33.0,
      54.0,
      41.0,
      35.0,
      95.0,
      39.0,
      81.0,
      72.0,
      67.0,
      167.0,
      160.0,
      383.0,
      192.0,
      283.0,
      403.0,
      500.0
    ],
    "convergence_episode": 90,
    "final_performance": 453.6,
    "before_performance": null,
    "after_performance": 453.6,
    "cumulative_regret": 39080.0,
    "ewma_reward": 191.97971329983326,
    "smoothness_tv": 2337.0,
    "_last_reward": 500.0,
    "egp_triggers": 250,
    "egp_paused_steps": 2740
  },
  "2": {
    "task_name": "T2: short+wind",
    "episode_rewards": [
      322.0,
      482.0,
      500.0,
      362.0,
      500.0,
      500.0,
      44.0,
      500.0,
      376.0,
      429.0,
      500.0,
      356.0,
      70.0,
      61.0,
      70.0,
      500.0,
      54.0,
      500.0
    ],
    "convergence_episode": 100,
    "final_performance": 470.6,
    "before_performance": 431.0,
    "after_performance": 470.6,
    "cumulative_regret": 2874.0,
    "ewma_reward": 262.98989817987786,
    "smoothness_tv": 3384.0,
    "_last_reward": 500.0,
    "egp_triggers": 250,
    "egp_paused_steps": 2740
  },
  "3": {
    "task_name": "T3: long+no wind",
    "episode_rewards": [
      500.0,
      500.0,
      500.0,
      355.0,
      500.0,
      500.0,
      342.0,
      500.0,
      498.0,
      500.0,
      446.0,
      500.0,
      466.0,
      365.0
    ],
    "convergence_episode": 118,
    "final_performance": 494.4,
    "before_performance": 476.8,
    "after_performance": 494.4,
    "cumulative_regret": 528.0,
    "ewma_reward": 352.38841132374506,
    "smoothness_tv": 853.0,
    "_last_reward": 365.0,
    "egp_triggers": 250,
    "egp_paused_steps": 2740
  },
  "4": {
    "task_name": "T4: long+wind",
    "episode_rewards": [
      433.0,
      446.0,
      373.0,
      427.0,
      500.0,
      500.0,
      446.0,
      500.0,
      500.0,
      500.0,
      500.0,
      458.0,
      345.0
    ],
    "convergence_episode": 132,
    "final_performance": 489.4,
    "before_performance": 485.8,
    "after_performance": 489.4,
    "cumulative_regret": 572.0,
    "ewma_reward": 339.91368631127136,
    "smoothness_tv": 476.0,
    "_last_reward": 345.0,
    "egp_triggers": 250,
    "egp_paused_steps": 2740
  }
}