{
  "1": {
    "task_name": "T1: short+no wind",
    "episode_rewards": [
      47.0,
      43.0,
      40.0,
      48.0,
      33.0,
      30.0,
      49.0,
      28.0,
      42.0,
      46.0,
      32.0,
      23.0,
      50.0,
      44.0,
      25.0,
      22.0,
      32.0,
      23.0,
      24.0,
      23.0,
      37.0,
      23.0,
      25.0,
      41.0,
      28.0,
      33.0,
      28.0,
      52.0,
      37.0,
      31.0,
      57.0,
      31.0,
      52.0,
      35.0,
      25.0,
      60.0,
      35.0,
      87.0,
      41.0,
      76.0,
      48.0,
      76.0,
      51.0,
      91.0,
      211.0,
      158.0,
      166.0,
      171.0,
      215.0,
      244.0,
      188.0,
      413.0,
      314.0,
      60.0,
      81.0,
      27.0,
      37.0,
      53.0,
      62.0,
      60.0,
      152.0,
      190.0,
      500.0,
      66.0,
      500.0,
      500.0,
      500.0,
      500.0,
      500.0,
      484.0,
      351.0,
      396.0,
      500.0
    ],
    "convergence_episode": 53,
    "final_performance": 29.2,
    "before_performance": 495.2,
    "after_performance": 29.2,
    "cumulative_regret": 27097.0,
    "ewma_reward": 342.0266062201468,
    "smoothness_tv": 3329.0,
    "_last_reward": 500.0,
    "egp_triggers": 40,
    "egp_paused_steps": 440
  },
  "2": {
    "task_name": "T2: short+wind",
    "episode_rewards": [
      392.0,
      44.0,
      500.0,
      59.0,
      500.0,
      500.0,
      134.0,
      500.0,
      500.0,
      94.0,
      500.0,
      500.0,
      500.0,
      500.0
    ],
    "convergence_episode": 72,
    "final_performance": 316.6,
    "before_performance": 500.0,
    "after_performance": 316.6,
    "cumulative_regret": 1777.0,
    "ewma_reward": 310.47199001865613,
    "smoothness_tv": 3230.0,
    "_last_reward": 500.0,
    "egp_triggers": 40,
    "egp_paused_steps": 440
  },
  "3": {
    "task_name": "T3: long+no wind",
    "episode_rewards": [
      500.0,
      500.0,
      500.0,
      447.0,
      500.0,
      500.0,
      500.0,
      500.0,
      500.0,
      500.0
    ],
    "convergence_episode": 86,
    "final_performance": 500.0,
    "before_performance": 500.0,
    "after_performance": 500.0,
    "cumulative_regret": 53.0,
    "ewma_reward": 322.84414265,
    "smoothness_tv": 106.0,
    "_last_reward": 500.0,
    "egp_triggers": 40,
    "egp_paused_steps": 440
  },
  "4": {
    "task_name": "T4: long+wind",
    "episode_rewards": [
      500.0,
      500.0,
      500.0,
      500.0,
      500.0,
      500.0,
      500.0,
      500.0,
      500.0,
      500.0
    ],
    "convergence_episode": 96,
    "final_performance": 500.0,
    "before_performance": 500.0,
    "after_performance": 500.0,
    "cumulative_regret": 0.0,
    "ewma_reward": 325.66077995,
    "smoothness_tv": 0.0,
    "_last_reward": 500.0,
    "egp_triggers": 40,
    "egp_paused_steps": 440
  }
}