{
  "1": {
    "task_name": "T1: short+no wind",
    "episode_rewards": [
      34.0,
      38.0,
      32.0,
      45.0,
      35.0,
      52.0,
      30.0,
      38.0,
      48.0,
      32.0,
      25.0,
      31.0,
      26.0,
      26.0,
      22.0,
      31.0,
      24.0,
      24.0,
      23.0,
      44.0,
      28.0,
      24.0,
      29.0,
      44.0,
      31.0,
      31.0,
      49.0,
      43.0,
      28.0,
      57.0,
      37.0,
      71.0,
      36.0,
      22.0,
      77.0,
      33.0,
      67.0,
      34.0,
      72.0,
      38.0,
      104.0,
      32.0,
      47.0,
      84.0,
      37.0,
      44.0,
      52.0,
      43.0,
      60.0,
      31.0,
      43.0,
      39.0,
      29.0,
      38.0,
      47.0,
      81.0,
      33.0,
      31.0,
      30.0,
      65.0,
      64.0,
      35.0,
      30.0,
      36.0,
      32.0,
      44.0,
      61.0,
      83.0,
      42.0,
      70.0,
      31.0,
      39.0,
      57.0,
      54.0,
      60.0,
      33.0,
      49.0,
      62.0,
      28.0,
      87.0,
      41.0,
      47.0,
      66.0,
      41.0,
      48.0,
      35.0,
      53.0,
      48.0,
      46.0,
      61.0,
      45.0,
      52.0,
      61.0,
      47.0,
      63.0,
      68.0,
      40.0,
      67.0,
      53.0,
      97.0,
      75.0,
      44.0,
      58.0,
      68.0,
      323.0,
      411.0,
      270.0,
      262.0,
      371.0,
      223.0,
      246.0,
      280.0,
      234.0,
      273.0,
      95.0,
      282.0,
      267.0,
      393.0,
      206.0,
      46.0,
      52.0,
      271.0,
      307.0,
      205.0
    ],
    "convergence_episode": 164,
    "final_performance": 26.0,
    "before_performance": 262.8,
    "after_performance": 26.0,
    "cumulative_regret": 52181.0,
    "ewma_reward": 209.35497556399403,
    "smoothness_tv": 4007.0,
    "_last_reward": 205.0,
    "egp_triggers": 68,
    "egp_paused_steps": 748
  },
  "2": {
    "task_name": "T2: short+wind",
    "episode_rewards": [
      138.0,
      179.0,
      53.0,
      281.0,
      320.0,
      500.0,
      209.0,
      173.0,
      500.0,
      500.0,
      69.0,
      203.0,
      272.0,
      187.0,
      277.0,
      200.0,
      255.0,
      95.0,
      168.0,
      267.0
    ],
    "convergence_episode": 114,
    "final_performance": 301.6,
    "before_performance": 227.0,
    "after_performance": 301.6,
    "cumulative_regret": 5154.0,
    "ewma_reward": 203.93402264639923,
    "smoothness_tv": 2541.0,
    "_last_reward": 267.0,
    "egp_triggers": 68,
    "egp_paused_steps": 748
  },
  "3": {
    "task_name": "T3: long+no wind",
    "episode_rewards": [
      482.0,
      286.0,
      243.0,
      179.0,
      295.0,
      231.0,
      192.0,
      249.0,
      219.0,
      185.0,
      315.0,
      249.0,
      224.0,
      500.0,
      225.0,
      327.0,
      251.0,
      249.0
    ],
    "convergence_episode": 134,
    "final_performance": 215.8,
    "before_performance": 248.0,
    "after_performance": 215.8,
    "cumulative_regret": 4099.0,
    "ewma_reward": 232.32488411249324,
    "smoothness_tv": 1595.0,
    "_last_reward": 249.0,
    "egp_triggers": 68,
    "egp_paused_steps": 748
  },
  "4": {
    "task_name": "T4: long+wind",
    "episode_rewards": [
      386.0,
      231.0,
      308.0,
      241.0,
      236.0,
      423.0,
      248.0,
      254.0,
      309.0,
      377.0,
      498.0,
      337.0,
      246.0,
      365.0,
      259.0,
      344.0
    ],
    "convergence_episode": 152,
    "final_performance": 277.2,
    "before_performance": 277.0,
    "after_performance": 277.2,
    "cumulative_regret": 2938.0,
    "ewma_reward": 262.1044305915489,
    "smoothness_tv": 1478.0,
    "_last_reward": 344.0,
    "egp_triggers": 68,
    "egp_paused_steps": 748
  }
}