{
  "1": {
    "task_name": "T1: short+no wind",
    "episode_rewards": [
      29.0,
      39.0,
      35.0,
      28.0,
      34.0,
      49.0,
      69.0,
      49.0,
      30.0,
      34.0,
      36.0,
      38.0,
      43.0,
      55.0,
      73.0,
      165.0,
      62.0,
      63.0,
      83.0,
      115.0,
      76.0,
      45.0,
      77.0,
      83.0,
      64.0,
      112.0,
      500.0,
      288.0,
      500.0,
      436.0,
      372.0,
      461.0,
      500.0,
      437.0,
      57.0,
      500.0,
      462.0,
      419.0,
      500.0,
      252.0,
      397.0,
      500.0,
      40.0,
      470.0,
      345.0,
      500.0
    ],
    "convergence_episode": 30,
    "final_performance": 31.4,
    "before_performance": 357.6,
    "after_performance": 31.4,
    "cumulative_regret": 13478.0,
    "ewma_reward": 349.901638108445,
    "smoothness_tv": 4349.0,
    "_last_reward": 500.0,
    "egp_triggers": 99,
    "egp_paused_steps": 1089
  },
  "2": {
    "task_name": "T2: short+wind",
    "episode_rewards": [
      411.0,
      463.0,
      125.0,
      333.0,
      68.0,
      368.0,
      53.0,
      269.0,
      500.0,
      336.0,
      63.0,
      500.0,
      374.0,
      500.0,
      500.0
    ],
    "convergence_episode": 43,
    "final_performance": 391.8,
    "before_performance": 380.8,
    "after_performance": 391.8,
    "cumulative_regret": 2637.0,
    "ewma_reward": 279.2171567508418,
    "smoothness_tv": 3051.0,
    "_last_reward": 500.0,
    "egp_triggers": 99,
    "egp_paused_steps": 1089
  },
  "3": {
    "task_name": "T3: long+no wind",
    "episode_rewards": [
      500.0,
      500.0,
      443.0,
      500.0,
      500.0,
      500.0,
      422.0,
      499.0,
      348.0,
      434.0,
      301.0,
      270.0,
      217.0
    ],
    "convergence_episode": 58,
    "final_performance": 443.4,
    "before_performance": 265.6,
    "after_performance": 443.4,
    "cumulative_regret": 1066.0,
    "ewma_reward": 286.81183267498005,
    "smoothness_tv": 723.0,
    "_last_reward": 217.0,
    "egp_triggers": 99,
    "egp_paused_steps": 1089
  },
  "4": {
    "task_name": "T4: long+wind",
    "episode_rewards": [
      283.0,
      246.0,
      207.0,
      183.0,
      207.0,
      79.0,
      112.0,
      112.0,
      102.0,
      71.0,
      50.0,
      37.0,
      44.0,
      53.0,
      86.0,
      48.0,
      220.0,
      208.0,
      42.0,
      99.0,
      47.0,
      31.0,
      36.0,
      45.0,
      32.0,
      32.0,
      25.0,
      36.0,
      32.0,
      30.0,
      36.0,
      27.0,
      29.0,
      32.0,
      90.0,
      31.0,
      34.0,
      34.0,
      234.0,
      179.0,
      56.0,
      349.0,
      240.0,
      217.0,
      215.0,
      247.0
    ],
    "convergence_episode": null,
    "final_performance": 314.8,
    "before_performance": 305.2,
    "after_performance": 314.8,
    "cumulative_regret": 18115.0,
    "ewma_reward": 145.933309694898,
    "smoothness_tv": 1950.0,
    "_last_reward": 247.0,
    "egp_triggers": 99,
    "egp_paused_steps": 1089
  }
}